Request_ID,Timestamp,Priority,Category
REQ0001,"2024-02-07T03:51:59",High,General
REQ0002,"2024-01-09T10:22:02",Medium,Technical
REQ0003,"2024-03-22T11:11:46",Low,Technical
REQ0004,"26 Feb 2024, 11:12",High,Billing
REQ0005,"15 Jan 2024, 22:24",Medium,Billing
REQ0006,"29 Feb 2024, 15:09",High,General
REQ0007,"Sun, 25 Feb 2024 23:13:10 GMT",Medium,Billing
REQ0008,"Tue, 16 Jan 2024 02:09:43 GMT",Low,Billing
REQ0009,"26/03/2024 14:00:07",Medium,Billing
REQ0010,"26/03/2024 10:17:27",High,Technical
REQ0011,"19/02/2024 15:53:13",Low,Billing
REQ0012,"Mon, 22 Jan 2024 10:49:08 GMT",Medium,Billing
REQ0013,"2024-02-28T11:25:53",Medium,Technical
REQ0014,"06/03/2024 15:04:05",High,General
REQ0015,"13/03/2024 01:02:14",Medium,Billing
REQ0016,"Wed, 20 Mar 2024 12:55:41 GMT",High,General
REQ0017,"Mon, 19 Feb 2024 20:16:08 GMT",Low,Technical
REQ0018,"25/02/2024 02:12:06",Low,Technical
REQ0019,"13 Mar 2024, 16:33",Medium,General
REQ0020,"Mon, 19 Feb 2024 10:31:06 GMT",High,General
REQ0021,"01/01/2024 11:10:09",Low,General
REQ0022,"23/01/2024 16:48:57",Low,General
REQ0023,"28/03/2024 14:32:14",Medium,General
REQ0024,"2024-03-18T05:41:13",High,Billing
REQ0025,"2024-03-01T10:03:40",Medium,Technical
REQ0026,"2024-02-22T02:17:26",High,Billing
REQ0027,"Thu, 11 Jan 2024 19:11:42 GMT",High,Billing
REQ0028,"2024-03-08T11:32:05",High,Technical
REQ0029,"2024-03-17T14:35:11",Low,Billing
REQ0030,"Mon, 11 Mar 2024 05:30:12 GMT",Medium,General
REQ0031,"29 Feb 2024, 15:59",Low,Technical
REQ0032,"Tue, 09 Jan 2024 11:01:48 GMT",Low,Billing
REQ0033,"Wed, 03 Jan 2024 20:38:54 GMT",Low,Billing
REQ0034,"21/03/2024 11:35:08",High,General
REQ0035,"5 Feb 2024, 22:18",Low,Technical
REQ0036,"10/03/2024 23:38:20",Low,Technical
REQ0037,"Mon, 04 Mar 2024 23:12:17 GMT",High,Technical
REQ0038,"2024-03-04T18:24:35",Low,General
REQ0039,"28 Mar 2024, 15:39",Medium,Billing
REQ0040,"2 Feb 2024, 03:38",Medium,General
REQ0041,"2024-03-18T12:00:10",High,Technical
REQ0042,"15 Mar 2024, 11:46",High,Billing
REQ0043,"2024-01-12T10:46:11",Low,General
REQ0044,"Wed, 13 Mar 2024 10:45:04 GMT",Low,Billing
REQ0045,"2024-01-05T05:25:48",Low,Billing
REQ0046,"23/03/2024 09:14:55",Medium,Technical
REQ0047,"21 Mar 2024, 09:51",Medium,Billing
REQ0048,"6 Mar 2024, 14:35",Low,Billing
REQ0049,"9 Feb 2024, 14:18",High,Billing
REQ0050,"Mon, 11 Mar 2024 05:17:19 GMT",Medium,General
REQ0051,"Sat, 20 Jan 2024 04:24:16 GMT",Low,Technical
REQ0052,"Thu, 29 Feb 2024 10:33:55 GMT",High,Technical
REQ0053,"25/01/2024 16:16:31",Medium,General
REQ0054,"2024-02-01T05:30:00",Medium,Billing
REQ0055,"2024-02-05T09:29:52",Medium,Billing
REQ0056,"2024-02-03T03:56:15",Low,Billing
REQ0057,"Wed, 07 Feb 2024 17:26:42 GMT",Medium,Billing
REQ0058,"Tue, 27 Feb 2024 05:05:04 GMT",High,Billing
REQ0059,"Mon, 29 Jan 2024 07:48:36 GMT",High,General
REQ0060,"2024-02-18T03:36:25",Low,Technical
REQ0061,"Mon, 15 Jan 2024 10:50:43 GMT",High,Billing
REQ0062,"10/01/2024 11:35:29",Medium,General
REQ0063,"07/02/2024 14:02:52",Medium,Billing
REQ0064,"Sun, 24 Mar 2024 19:59:12 GMT",High,Billing
REQ0065,"4 Mar 2024, 22:47",Low,Billing
REQ0066,"Fri, 01 Mar 2024 04:01:01 GMT",Medium,General
REQ0067,"14/03/2024 16:00:02",High,Billing
REQ0068,"12 Jan 2024, 11:36",Low,Billing
REQ0069,"08/01/2024 10:36:18",Medium,Billing
REQ0070,"Mon, 18 Mar 2024 03:38:22 GMT",Low,Technical
REQ0071,"2024-03-14T03:55:11",Low,Technical
REQ0072,"1 Feb 2024, 10:59",Low,Billing
REQ0073,"2024-03-05T01:43:14",Low,General
REQ0074,"2024-01-01T10:27:07",Low,Technical
REQ0075,"9 Feb 2024, 15:05",Medium,Technical
REQ0076,"Wed, 03 Jan 2024 05:52:12 GMT",Medium,Billing
REQ0077,"2024-02-20T05:40:46",Low,Technical
REQ0078,"2024-03-04T16:40:16",Medium,Billing
REQ0079,"2024-03-07T05:06:49",Medium,Technical
REQ0080,"2024-03-03T21:03:11",High,Technical
REQ0081,"Thu, 22 Feb 2024 05:04:15 GMT",High,General
REQ0082,"5 Jan 2024, 15:41",High,General
REQ0083,"Mon, 08 Jan 2024 08:59:05 GMT",Medium,Billing
REQ0084,"2024-02-24T05:39:03",Low,Technical
REQ0085,"Wed, 06 Mar 2024 08:51:24 GMT",Medium,Billing
REQ0086,"2024-03-13T06:17:08",Medium,General
REQ0087,"Mon, 01 Jan 2024 09:47:24 GMT",Low,Technical
REQ0088,"24/01/2024 23:27:19",Low,Technical
REQ0089,"29 Jan 2024, 15:19",High,Billing
REQ0090,"Tue, 12 Mar 2024 05:33:28 GMT",Medium,General
REQ0091,"02/02/2024 22:51:55",Low,Technical
REQ0092,"29 Jan 2024, 05:01",Medium,General
REQ0093,"Sun, 14 Jan 2024 05:48:45 GMT",Low,Technical
REQ0094,"2024-01-11T11:20:07",High,Technical
REQ0095,"Tue, 26 Mar 2024 10:54:54 GMT",High,Technical
REQ0096,"2024-02-13T03:00:27",Medium,General
REQ0097,"2024-01-08T22:05:35",Low,General
REQ0098,"17/01/2024 10:29:34",Low,Billing
REQ0099,"Wed, 20 Mar 2024 01:25:19 GMT",Medium,Billing
REQ0100,"2024-01-24T11:14:40",Medium,Billing
REQ0101,"14/03/2024 11:32:06",High,Billing
REQ0102,"2024-01-15T10:41:50",Low,Billing
REQ0103,"Tue, 16 Jan 2024 11:13:08 GMT",Medium,Billing
REQ0104,"05/03/2024 09:06:47",Low,Billing
REQ0105,"3 Jan 2024, 16:50",Low,Billing
REQ0106,"28/02/2024 16:06:20",Medium,Technical
REQ0107,"Mon, 12 Feb 2024 06:12:34 GMT",Medium,Technical
REQ0108,"Thu, 18 Jan 2024 11:21:31 GMT",High,General
REQ0109,"06/02/2024 09:27:21",High,Billing
REQ0110,"15 Feb 2024, 09:21",High,Billing
REQ0111,"Wed, 27 Mar 2024 04:42:25 GMT",Low,Technical
REQ0112,"2024-03-03T19:05:54",Low,Technical
REQ0113,"Sat, 09 Mar 2024 14:17:58 GMT",High,Billing
REQ0114,"2024-02-20T04:36:43",High,General
REQ0115,"11 Mar 2024, 11:23",Low,Technical
REQ0116,"2024-01-26T07:51:01",High,General
REQ0117,"13 Feb 2024, 22:14",Medium,Billing
REQ0118,"29 Feb 2024, 14:57",High,General
REQ0119,"2024-02-02T22:06:45",Low,General
REQ0120,"1 Jan 2024, 16:15",High,Technical
REQ0121,"Thu, 01 Feb 2024 19:43:52 GMT",High,General
REQ0122,"2024-01-15T14:39:45",Low,Billing
REQ0123,"2024-02-15T03:44:13",Medium,Billing
REQ0124,"Sun, 18 Feb 2024 21:16:45 GMT",High,Technical
REQ0125,"Fri, 15 Mar 2024 03:40:27 GMT",High,General
REQ0126,"Thu, 07 Mar 2024 10:24:29 GMT",Low,Technical
REQ0127,"Wed, 24 Jan 2024 10:05:38 GMT",Medium,Billing
REQ0128,"21 Mar 2024, 11:06",High,General
REQ0129,"2024-01-12T11:14:33",Low,General
REQ0130,"Wed, 13 Mar 2024 04:10:38 GMT",Medium,General
REQ0131,"11 Mar 2024, 11:04",Low,Technical
REQ0132,"2024-03-26T11:20:28",High,Technical
REQ0133,"26/02/2024 14:01:16",Medium,Technical
REQ0134,"20/02/2024 09:30:56",Medium,Billing
REQ0135,"Mon, 08 Jan 2024 11:04:13 GMT",Medium,General
REQ0136,"Tue, 13 Feb 2024 09:19:09 GMT",Medium,General
REQ0137,"Fri, 05 Jan 2024 04:13:34 GMT",Medium,General
REQ0138,"Sun, 07 Jan 2024 04:20:59 GMT",Low,Billing
REQ0139,"25 Jan 2024, 10:00",High,Technical
REQ0140,"28/03/2024 23:11:56",Medium,Technical
REQ0141,"2024-03-16T10:45:43",Medium,General
REQ0142,"2024-03-21T22:44:39",Low,Billing
REQ0143,"Thu, 21 Mar 2024 06:18:46 GMT",Medium,Billing
REQ0144,"Tue, 20 Feb 2024 17:06:26 GMT",Medium,Technical
REQ0145,"Tue, 20 Feb 2024 04:39:15 GMT",Medium,Billing
REQ0146,"16/03/2024 07:30:47",Low,Technical
REQ0147,"19 Feb 2024, 15:18",High,Billing
REQ0148,"15 Mar 2024, 10:30",Medium,Technical
REQ0149,"3 Feb 2024, 19:41",Low,Technical
REQ0150,"2024-01-02T10:21:19",Low,Technical
REQ0151,"2024-01-17T05:15:30",Low,Billing
REQ0152,"2024-02-01T17:56:37",Low,Technical
REQ0153,"Wed, 24 Jan 2024 19:54:45 GMT",High,Technical
REQ0154,"01/02/2024 10:02:06",Medium,Billing
REQ0155,"Mon, 12 Feb 2024 06:09:12 GMT",Medium,Billing
REQ0156,"Mon, 18 Mar 2024 05:34:53 GMT",Low,Billing
REQ0157,"05/02/2024 22:15:35",Medium,Billing
REQ0158,"Fri, 08 Mar 2024 05:30:37 GMT",Medium,Technical
REQ0159,"2024-01-23T08:42:37",Low,Billing
REQ0160,"25/01/2024 04:39:31",High,Technical
REQ0161,"Thu, 15 Feb 2024 05:17:31 GMT",Medium,Billing
REQ0162,"2024-02-26T21:21:14",High,Technical
REQ0163,"9 Jan 2024, 02:17",Medium,Technical
REQ0164,"16/01/2024 15:51:02",Low,Technical
REQ0165,"2024-01-08T11:24:49",Medium,Billing
REQ0166,"Wed, 10 Jan 2024 10:23:14 GMT",Medium,General
REQ0167,"25/03/2024 10:54:16",High,Technical
REQ0168,"28 Mar 2024, 11:32",Medium,General
REQ0169,"30 Jan 2024, 14:54",Low,Technical
REQ0170,"28 Feb 2024, 15:54",Low,General
REQ0171,"2024-02-26T10:50:03",Low,Technical
REQ0172,"2024-01-09T04:43:52",Low,Billing
REQ0173,"Wed, 13 Mar 2024 06:07:29 GMT",High,General
REQ0174,"2024-01-14T02:08:26",Medium,General
REQ0175,"2024-03-14T06:05:02",Medium,General
REQ0176,"20 Mar 2024, 15:00",Medium,General
REQ0177,"28 Mar 2024, 16:14",Low,General
REQ0178,"Sun, 11 Feb 2024 06:02:45 GMT",High,Technical
REQ0179,"2024-03-08T09:00:13",Medium,Technical
REQ0180,"2024-02-26T08:37:56",Low,Technical
REQ0181,"Thu, 04 Jan 2024 00:06:13 GMT",Medium,Billing
REQ0182,"31/01/2024 14:51:14",High,Technical
REQ0183,"13/03/2024 16:41:27",High,Billing
REQ0184,"2024-02-26T05:57:22",Medium,Billing
REQ0185,"2024-01-27T05:44:46",Low,Billing
REQ0186,"Thu, 08 Feb 2024 04:52:42 GMT",Medium,General
REQ0187,"Tue, 16 Jan 2024 11:22:42 GMT",High,Technical
REQ0188,"17 Feb 2024, 19:06",Medium,General
REQ0189,"Fri, 19 Jan 2024 10:12:01 GMT",Low,Billing
REQ0190,"Fri, 12 Jan 2024 07:13:40 GMT",Low,Technical
REQ0191,"18/01/2024 00:49:03",Medium,General
REQ0192,"Thu, 18 Jan 2024 20:28:54 GMT",Low,General
REQ0193,"2024-02-10T09:18:38",Low,Technical
REQ0194,"29 Feb 2024, 08:13",Low,Billing
REQ0195,"23 Feb 2024, 06:32",Low,Technical
REQ0196,"2024-03-25T16:12:43",High,Technical
REQ0197,"Thu, 15 Feb 2024 08:49:29 GMT",High,Technical
REQ0198,"18/01/2024 09:53:49",Low,General
REQ0199,"Mon, 08 Jan 2024 03:41:15 GMT",High,General
REQ0200,"13 Mar 2024, 16:32",Medium,General
REQ0201,"2024-01-29T05:34:40",High,Billing
REQ0202,"2024-03-01T10:15:34",High,General
REQ0203,"16 Feb 2024, 03:07",Medium,Technical
REQ0204,"15/03/2024 18:12:08",High,General
REQ0205,"2024-03-05T06:08:26",Low,General
REQ0206,"15 Feb 2024, 02:05",High,General
REQ0207,"20/03/2024 02:40:45",High,Billing
REQ0208,"Tue, 23 Jan 2024 09:55:34 GMT",High,Technical
REQ0209,"22 Jan 2024, 02:42",Low,Billing
REQ0210,"Mon, 29 Jan 2024 12:06:41 GMT",Medium,Technical
REQ0211,"Tue, 02 Jan 2024 01:47:20 GMT",Medium,Technical
REQ0212,"8 Feb 2024, 15:34",Medium,General
REQ0213,"2024-01-17T05:31:02",High,General
REQ0214,"Wed, 10 Jan 2024 13:35:07 GMT",High,General
REQ0215,"25 Mar 2024, 20:40",Medium,Billing
REQ0216,"2024-01-25T06:18:33",Low,Billing
REQ0217,"2024-02-01T08:50:32",High,General
REQ0218,"2024-03-29T04:29:14",Low,Technical
REQ0219,"Thu, 21 Mar 2024 04:30:48 GMT",Medium,Billing
REQ0220,"23/03/2024 05:52:01",Medium,Technical
REQ0221,"2024-03-21T10:56:09",High,Billing
REQ0222,"Tue, 05 Mar 2024 03:47:25 GMT",Medium,Billing
REQ0223,"2024-01-10T09:07:15",Low,Billing
REQ0224,"21 Mar 2024, 11:50",High,Technical
REQ0225,"Fri, 26 Jan 2024 08:45:54 GMT",High,Billing
REQ0226,"2024-01-01T10:35:04",High,Billing
REQ0227,"Wed, 17 Jan 2024 04:31:39 GMT",Low,Billing
REQ0228,"8 Feb 2024, 10:17",High,Technical
REQ0229,"Mon, 05 Feb 2024 08:51:29 GMT",High,Billing
REQ0230,"Wed, 13 Mar 2024 04:18:18 GMT",Medium,Billing
REQ0231,"27/03/2024 06:04:23",Low,Billing
REQ0232,"2024-03-29T22:46:07",Medium,Billing
REQ0233,"8 Mar 2024, 15:58",High,General
REQ0234,"2024-01-22T04:33:09",Medium,Technical
REQ0235,"26/01/2024 15:22:19",Low,General
REQ0236,"Mon, 12 Feb 2024 10:42:59 GMT",Medium,General
REQ0237,"2024-02-25T20:36:29",Medium,Billing
REQ0238,"2024-02-15T17:29:26",High,General
REQ0239,"Thu, 08 Feb 2024 04:54:26 GMT",High,Technical
REQ0240,"12 Mar 2024, 23:28",Medium,General
REQ0241,"8 Feb 2024, 09:52",High,Technical
REQ0242,"Thu, 22 Feb 2024 11:29:05 GMT",Medium,General
REQ0243,"2024-02-06T06:10:09",High,Technical
REQ0244,"Mon, 12 Feb 2024 11:19:52 GMT",Medium,Billing
REQ0245,"Mon, 18 Mar 2024 06:15:47 GMT",Medium,General
REQ0246,"15 Feb 2024, 17:48",Medium,Billing
REQ0247,"06/03/2024 18:55:14",Low,Technical
REQ0248,"12/01/2024 11:21:29",Low,Billing
REQ0249,"2024-01-02T09:56:02",Low,Technical
REQ0250,"2024-01-26T03:32:15",Low,Technical
REQ0251,"Tue, 19 Mar 2024 05:58:01 GMT",Low,General
REQ0252,"Tue, 23 Jan 2024 10:52:36 GMT",Low,Billing
REQ0253,"23/01/2024 11:49:00",High,General
REQ0254,"Tue, 20 Feb 2024 05:41:27 GMT",Medium,Billing
REQ0255,"Tue, 02 Jan 2024 10:15:48 GMT",Medium,Technical
REQ0256,"12 Feb 2024, 06:39",High,Billing
REQ0257,"Fri, 16 Feb 2024 10:05:22 GMT",High,Technical
REQ0258,"9 Jan 2024, 22:09",High,Technical
REQ0259,"Tue, 26 Mar 2024 11:29:06 GMT",High,Billing
REQ0260,"14/03/2024 16:53:10",Low,Technical
REQ0261,"14/03/2024 10:31:44",Medium,Technical
REQ0262,"27/03/2024 10:20:05",Medium,General
REQ0263,"2024-01-26T14:20:44",Medium,Technical
REQ0264,"2024-01-16T05:39:19",Medium,Technical
REQ0265,"26/02/2024 04:35:54",Medium,General
REQ0266,"11 Jan 2024, 16:57",Medium,Technical
REQ0267,"1 Mar 2024, 09:18",Medium,Technical
REQ0268,"2024-01-03T09:18:48",Medium,General
REQ0269,"8 Mar 2024, 04:53",Low,General
REQ0270,"1 Mar 2024, 16:35",Medium,Billing
REQ0271,"05/01/2024 19:03:09",High,General
REQ0272,"28/02/2024 09:09:56",Low,Technical
REQ0273,"Fri, 05 Jan 2024 02:17:01 GMT",High,Billing
REQ0274,"2024-01-16T14:51:03",High,General
REQ0275,"Wed, 21 Feb 2024 11:18:40 GMT",Low,Technical
REQ0276,"5 Feb 2024, 09:07",Medium,Technical
REQ0277,"Wed, 13 Mar 2024 08:51:43 GMT",High,Billing
REQ0278,"10 Jan 2024, 10:49",High,General
REQ0279,"Wed, 27 Mar 2024 15:28:56 GMT",High,Billing
REQ0280,"9 Jan 2024, 09:08",Medium,Technical
REQ0281,"Wed, 27 Mar 2024 02:11:38 GMT",Medium,Technical
REQ0282,"05/03/2024 13:48:30",High,Technical
REQ0283,"2024-02-12T10:15:25",Low,Billing
REQ0284,"Mon, 29 Jan 2024 05:01:09 GMT",Medium,General
REQ0285,"29 Feb 2024, 14:33",High,Billing
REQ0286,"14 Mar 2024, 11:06",Low,General
REQ0287,"Fri, 01 Mar 2024 08:43:37 GMT",Medium,Billing
REQ0288,"2024-03-08T05:45:57",Medium,Technical
REQ0289,"21/03/2024 09:45:46",Low,Technical
REQ0290,"Mon, 22 Jan 2024 10:12:09 GMT",Low,Technical
REQ0291,"Fri, 23 Feb 2024 17:17:43 GMT",High,Technical
REQ0292,"2024-03-10T04:06:57",High,Billing
REQ0293,"Thu, 14 Mar 2024 05:21:30 GMT",Low,Technical
REQ0294,"2024-01-25T14:25:30",Low,Technical
REQ0295,"2024-02-08T10:17:42",High,Technical
REQ0296,"2024-03-18T11:22:42",Medium,General
REQ0297,"14/02/2024 11:21:47",High,Billing
REQ0298,"Thu, 15 Feb 2024 12:55:55 GMT",Low,Billing
REQ0299,"Mon, 11 Mar 2024 06:28:03 GMT",Medium,General
REQ0300,"Mon, 15 Jan 2024 11:01:26 GMT",High,Technical
REQ0301,"2024-03-01T09:21:08",High,Technical
REQ0302,"Mon, 22 Jan 2024 06:15:50 GMT",Low,Billing
REQ0303,"2024-01-04T05:21:20",Medium,Technical
REQ0304,"Tue, 05 Mar 2024 05:12:31 GMT",Low,Billing
REQ0305,"Thu, 11 Jan 2024 12:06:57 GMT",Low,General
REQ0306,"Mon, 26 Feb 2024 22:18:39 GMT",Low,Technical
REQ0307,"Wed, 20 Mar 2024 18:24:54 GMT",High,Billing
REQ0308,"9 Feb 2024, 14:22",High,Technical
REQ0309,"Thu, 25 Jan 2024 09:21:32 GMT",High,General
REQ0310,"2024-01-25T04:54:55",Medium,Billing
REQ0311,"2024-01-22T08:47:41",High,Billing
REQ0312,"2024-01-18T11:48:52",High,General
REQ0313,"1 Jan 2024, 20:30",Low,Technical
REQ0314,"Mon, 19 Feb 2024 08:55:53 GMT",Low,Technical
REQ0315,"28 Mar 2024, 03:25",Low,Technical
REQ0316,"2024-03-26T10:03:35",Low,Technical
REQ0317,"Fri, 15 Mar 2024 02:59:03 GMT",Medium,General
REQ0318,"01/03/2024 06:35:27",Medium,Technical
REQ0319,"2024-03-09T08:07:57",High,General
REQ0320,"2024-02-29T05:45:42",Low,Billing
REQ0321,"Sat, 17 Feb 2024 00:13:57 GMT",Medium,General
REQ0322,"Tue, 27 Feb 2024 08:35:23 GMT",Low,Technical
REQ0323,"2024-03-02T05:59:19",Low,General
REQ0324,"2024-02-08T03:53:05",Medium,General
REQ0325,"2024-02-19T01:15:55",Medium,General
REQ0326,"Sun, 11 Feb 2024 03:53:53 GMT",High,Billing
REQ0327,"Thu, 01 Feb 2024 04:21:44 GMT",Low,Billing
REQ0328,"Sat, 30 Mar 2024 08:47:49 GMT",High,Technical
REQ0329,"15/02/2024 09:58:30",Medium,General
REQ0330,"21 Feb 2024, 09:06",High,Technical
REQ0331,"2024-02-13T13:29:24",High,General
REQ0332,"Mon, 05 Feb 2024 17:36:15 GMT",Low,Technical
REQ0333,"10/01/2024 06:44:43",High,Billing
REQ0334,"Sat, 20 Jan 2024 09:22:29 GMT",High,General
REQ0335,"2024-03-08T13:24:00",Medium,General
REQ0336,"Fri, 22 Mar 2024 05:03:36 GMT",Medium,Billing
REQ0337,"2024-01-25T04:45:41",Medium,Technical
REQ0338,"2024-03-18T04:32:11",Low,General
REQ0339,"25 Mar 2024, 09:32",Medium,Billing
REQ0340,"23/02/2024 20:11:08",Low,Technical
REQ0341,"Fri, 08 Mar 2024 03:56:56 GMT",High,General
REQ0342,"Tue, 26 Mar 2024 09:34:11 GMT",High,General
REQ0343,"Wed, 21 Feb 2024 11:28:52 GMT",Medium,Technical
REQ0344,"1 Mar 2024, 14:00",Medium,Billing
REQ0345,"26/03/2024 16:42:24",High,General
REQ0346,"2024-02-02T05:01:58",High,General
REQ0347,"2024-02-05T13:03:49",Low,Technical
REQ0348,"06/02/2024 14:01:09",Medium,Technical
REQ0349,"2024-03-30T09:13:22",Medium,Billing
REQ0350,"2024-01-08T02:44:35",High,Billing
REQ0351,"19 Feb 2024, 10:50",Low,Billing
REQ0352,"Mon, 19 Feb 2024 06:19:26 GMT",Low,General
REQ0353,"Mon, 12 Feb 2024 11:19:15 GMT",High,Billing
REQ0354,"25/02/2024 16:27:37",Medium,Technical
REQ0355,"25/03/2024 10:11:32",Medium,Billing
REQ0356,"2024-01-31T10:57:42",High,Technical
REQ0357,"6 Feb 2024, 18:59",High,Technical
REQ0358,"6 Jan 2024, 15:07",High,Technical
REQ0359,"2024-03-21T18:18:45",High,General
REQ0360,"28 Mar 2024, 15:34",Medium,General
REQ0361,"17/03/2024 09:58:20",Medium,General
REQ0362,"25/03/2024 15:59:32",Low,Technical
REQ0363,"Thu, 11 Jan 2024 06:27:20 GMT",Low,Billing
REQ0364,"2024-01-06T10:43:36",High,Billing
REQ0365,"11/03/2024 21:32:53",Medium,Billing
REQ0366,"04/01/2024 14:27:28",Medium,Billing
REQ0367,"24 Jan 2024, 12:10",Medium,Technical
REQ0368,"27 Mar 2024, 15:23",Low,General
REQ0369,"Mon, 12 Feb 2024 22:17:48 GMT",Low,Billing
REQ0370,"10 Jan 2024, 19:13",Medium,General
REQ0371,"11 Jan 2024, 10:04",High,Technical
REQ0372,"Tue, 13 Feb 2024 23:54:29 GMT",Low,General
REQ0373,"16/01/2024 06:11:50",Medium,Billing
REQ0374,"2024-01-04T10:39:16",Low,Billing
REQ0375,"2024-01-12T03:39:54",High,Billing
REQ0376,"Mon, 01 Jan 2024 09:34:38 GMT",High,General
REQ0377,"2024-03-11T11:25:19",Medium,Billing
REQ0378,"2 Feb 2024, 19:55",Medium,General
REQ0379,"2024-03-08T06:07:11",Low,Technical
REQ0380,"Tue, 05 Mar 2024 05:27:43 GMT",High,Billing
REQ0381,"18/03/2024 15:47:50",Medium,Technical
REQ0382,"Tue, 16 Jan 2024 10:34:57 GMT",High,Billing
REQ0383,"2024-02-28T04:40:28",Low,Technical
REQ0384,"08/02/2024 20:59:21",Medium,General
REQ0385,"2024-01-16T11:03:25",Medium,Billing
REQ0386,"2024-01-11T03:40:09",High,General
REQ0387,"15/01/2024 02:33:32",High,Technical
REQ0388,"2024-03-23T06:08:30",Low,Billing
REQ0389,"25 Mar 2024, 09:34",Low,General
REQ0390,"18/03/2024 13:00:30",Low,Technical
REQ0391,"Mon, 05 Feb 2024 10:47:41 GMT",High,General
REQ0392,"Wed, 13 Mar 2024 03:58:17 GMT",High,General
REQ0393,"4 Jan 2024, 22:34",Medium,General
REQ0394,"Tue, 23 Jan 2024 11:18:44 GMT",Low,Billing
REQ0395,"27 Jan 2024, 22:50",Medium,Technical
REQ0396,"Thu, 04 Jan 2024 09:26:33 GMT",High,General
REQ0397,"Tue, 06 Feb 2024 05:23:35 GMT",High,Technical
REQ0398,"14/01/2024 00:39:52",Medium,General
REQ0399,"2024-01-22T03:00:55",High,Technical
REQ0400,"Mon, 26 Feb 2024 09:17:14 GMT",Medium,Technical
REQ0401,"2024-03-27T13:10:54",High,Billing
REQ0402,"2024-01-26T08:37:20",High,General
REQ0403,"Mon, 04 Mar 2024 09:26:43 GMT",High,Billing
REQ0404,"Thu, 29 Feb 2024 05:21:41 GMT",Medium,Billing
REQ0405,"22/03/2024 15:59:16",Medium,Technical
REQ0406,"Tue, 12 Mar 2024 09:26:21 GMT",High,Technical
REQ0407,"2024-01-25T22:15:28",High,Technical
REQ0408,"19/03/2024 16:10:13",Medium,General
REQ0409,"19 Mar 2024, 02:33",Low,General
REQ0410,"13/02/2024 06:42:32",Medium,General
REQ0411,"Thu, 08 Feb 2024 03:35:05 GMT",High,Technical
REQ0412,"Tue, 27 Feb 2024 10:02:54 GMT",Low,Billing
REQ0413,"3 Feb 2024, 14:29",Low,General
REQ0414,"Mon, 12 Feb 2024 04:54:59 GMT",Medium,Technical
REQ0415,"Thu, 29 Feb 2024 22:45:42 GMT",High,Technical
REQ0416,"Fri, 01 Mar 2024 09:21:56 GMT",Low,General
REQ0417,"Tue, 30 Jan 2024 20:54:28 GMT",High,Billing
REQ0418,"2024-02-27T04:28:13",Medium,Technical
REQ0419,"2024-03-12T11:08:12",Low,General
REQ0420,"6 Feb 2024, 16:05",High,Technical
REQ0421,"Sun, 31 Dec 2023 18:42:06 GMT",Low,Technical
REQ0422,"Tue, 19 Mar 2024 06:19:18 GMT",Medium,Technical
REQ0423,"11/03/2024 22:18:44",High,Billing
REQ0424,"Thu, 21 Mar 2024 08:22:04 GMT",Medium,General
REQ0425,"2024-03-01T09:20:20",Low,General
REQ0426,"2024-03-22T10:12:29",High,General
REQ0427,"Sun, 17 Mar 2024 11:19:29 GMT",Low,Billing
REQ0428,"18/01/2024 16:13:00",Low,Billing
REQ0429,"Tue, 19 Mar 2024 13:27:40 GMT",High,General
REQ0430,"Tue, 13 Feb 2024 09:24:32 GMT",Low,Billing
REQ0431,"6 Feb 2024, 17:55",Low,Billing
REQ0432,"20 Mar 2024, 16:14",High,General
REQ0433,"2024-03-26T02:16:57",High,Billing
REQ0434,"06/03/2024 14:56:12",Low,General
REQ0435,"1 Jan 2024, 15:59",Medium,Billing
REQ0436,"Mon, 25 Mar 2024 04:08:31 GMT",High,Billing
REQ0437,"25/03/2024 02:28:00",High,General
REQ0438,"11 Feb 2024, 16:57",Low,Billing
REQ0439,"Wed, 21 Feb 2024 09:13:57 GMT",High,General
REQ0440,"02/02/2024 07:49:05",Low,General
REQ0441,"13/02/2024 15:08:32",Medium,General
REQ0442,"12/01/2024 14:11:51",Medium,Billing
REQ0443,"Fri, 02 Feb 2024 14:13:35 GMT",Low,General
REQ0444,"2024-02-02T04:12:21",High,General
REQ0445,"19 Mar 2024, 15:51",Low,General
REQ0446,"08/03/2024 10:51:08",Low,Billing
REQ0447,"27/02/2024 09:31:30",Medium,General
REQ0448,"Wed, 14 Feb 2024 06:09:48 GMT",High,Technical
REQ0449,"14/02/2024 14:28:21",Low,Billing
REQ0450,"2024-01-07T04:04:20",Low,Technical
REQ0451,"12/03/2024 17:30:46",High,Billing
REQ0452,"Thu, 08 Feb 2024 03:38:01 GMT",Medium,Billing
REQ0453,"2024-03-30T17:00:33",Medium,Billing
REQ0454,"2024-02-18T18:35:01",Low,Technical
REQ0455,"27 Mar 2024, 11:44",Low,Technical
REQ0456,"Thu, 21 Mar 2024 02:41:39 GMT",Low,Technical
REQ0457,"Tue, 23 Jan 2024 11:15:19 GMT",Medium,Billing
REQ0458,"11/01/2024 16:27:42",Medium,Technical
REQ0459,"2024-02-27T10:08:36",High,Technical
REQ0460,"20 Mar 2024, 14:21",Medium,General
REQ0461,"2024-03-12T09:17:40",High,Billing
REQ0462,"2024-01-15T03:49:33",Medium,Technical
REQ0463,"03/01/2024 18:48:44",Medium,Technical
REQ0464,"2024-02-14T11:15:48",Low,Billing
REQ0465,"Fri, 02 Feb 2024 15:29:50 GMT",Medium,Billing
REQ0466,"2024-01-16T12:50:37",Low,Technical
REQ0467,"Wed, 14 Feb 2024 03:28:59 GMT",Medium,Billing
REQ0468,"6 Mar 2024, 10:24",Medium,General
REQ0469,"Tue, 02 Jan 2024 01:48:18 GMT",Medium,General
REQ0470,"23/01/2024 11:46:09",High,Technical
REQ0471,"12/01/2024 10:14:14",Medium,Technical
REQ0472,"Mon, 08 Jan 2024 09:32:00 GMT",Low,Billing
REQ0473,"9 Feb 2024, 20:33",Medium,Billing
REQ0474,"2024-02-25T23:22:37",Medium,Technical
REQ0475,"14/02/2024 09:44:17",Medium,Technical
REQ0476,"29/02/2024 14:25:48",High,Technical
REQ0477,"Wed, 17 Jan 2024 04:15:19 GMT",Medium,Technical
REQ0478,"2024-01-02T03:37:09",High,Billing
REQ0479,"Tue, 06 Feb 2024 09:50:52 GMT",Low,Billing
REQ0480,"2024-01-21T01:50:54",Medium,General
REQ0481,"Fri, 08 Mar 2024 04:56:38 GMT",Low,General
REQ0482,"2024-02-01T01:13:57",Low,General
REQ0483,"Fri, 22 Mar 2024 10:16:30 GMT",Medium,Technical
REQ0484,"Thu, 11 Jan 2024 03:41:50 GMT",Low,Technical
REQ0485,"2024-03-07T09:02:30",Low,Technical
REQ0486,"25/03/2024 10:24:00",Medium,Technical
REQ0487,"Tue, 02 Jan 2024 04:36:41 GMT",Low,Billing
REQ0488,"19/01/2024 10:32:51",Low,General
REQ0489,"Fri, 01 Mar 2024 07:24:02 GMT",Low,General
REQ0490,"15 Feb 2024, 14:17",Low,Billing
REQ0491,"2024-03-21T23:48:58",Medium,Billing
REQ0492,"2024-03-22T11:12:08",Low,Billing
REQ0493,"Sun, 11 Feb 2024 21:09:23 GMT",Low,Technical
REQ0494,"2 Feb 2024, 14:06",Medium,Technical
REQ0495,"12/03/2024 11:04:39",Low,Technical
REQ0496,"7 Feb 2024, 16:12",Low,Billing
REQ0497,"2024-02-17T05:46:59",Medium,Billing
REQ0498,"24 Jan 2024, 00:39",Medium,Technical
REQ0499,"11 Mar 2024, 09:20",Medium,Billing
REQ0500,"Wed, 20 Mar 2024 10:58:22 GMT",High,Technical
REQ0501,"Thu, 29 Feb 2024 18:53:26 GMT",Medium,Technical
REQ0502,"2024-01-11T05:06:01",Medium,Technical
REQ0503,"27 Feb 2024, 09:53",High,Technical
REQ0504,"Mon, 18 Mar 2024 00:20:20 GMT",Medium,Technical
REQ0505,"Fri, 01 Mar 2024 09:36:58 GMT",High,Technical
REQ0506,"16/02/2024 15:17:04",Low,General
REQ0507,"18/01/2024 15:28:01",Low,Billing
REQ0508,"Mon, 19 Feb 2024 09:23:41 GMT",Low,Technical
REQ0509,"2 Feb 2024, 16:45",High,Billing
REQ0510,"2024-02-29T04:08:05",Medium,Technical
REQ0511,"2024-01-03T22:29:55",Low,Billing
REQ0512,"Sun, 04 Feb 2024 05:37:15 GMT",Medium,Technical
REQ0513,"2024-01-13T09:47:38",High,Billing
REQ0514,"08/03/2024 18:32:11",Low,Technical
REQ0515,"2024-03-13T02:57:05",Low,Billing
REQ0516,"2024-03-20T17:58:46",Low,Billing
REQ0517,"2024-01-16T05:21:15",High,Technical
REQ0518,"2024-02-12T16:04:29",High,Billing
REQ0519,"13 Mar 2024, 11:28",High,General
REQ0520,"7 Mar 2024, 10:48",Low,General
REQ0521,"Tue, 30 Jan 2024 09:24:17 GMT",Medium,General
REQ0522,"19 Mar 2024, 07:41",Low,Technical
REQ0523,"2024-02-16T16:07:40",High,Billing
REQ0524,"Mon, 25 Mar 2024 18:30:31 GMT",Medium,Billing
REQ0525,"Fri, 05 Jan 2024 02:43:20 GMT",Low,General
REQ0526,"23/01/2024 11:20:40",Medium,Technical
REQ0527,"2024-03-21T18:53:08",Low,Billing
REQ0528,"22 Mar 2024, 16:58",Low,Technical
REQ0529,"2024-02-25T04:36:15",Medium,Billing
REQ0530,"2024-01-23T05:05:44",Low,Technical
REQ0531,"2024-01-08T06:18:29",Medium,Billing
REQ0532,"Sat, 03 Feb 2024 10:49:51 GMT",Medium,Billing
REQ0533,"2024-01-15T11:11:35",High,General
REQ0534,"2024-01-18T09:45:24",Medium,Technical
REQ0535,"31 Jan 2024, 15:01",Medium,Billing
REQ0536,"6 Mar 2024, 03:48",High,General
REQ0537,"2024-01-04T05:38:30",Low,General
REQ0538,"Fri, 12 Jan 2024 06:24:12 GMT",High,Billing
REQ0539,"2024-01-05T04:09:30",Medium,General
REQ0540,"Fri, 09 Feb 2024 09:38:38 GMT",Low,Billing
REQ0541,"2024-03-17T05:09:17",High,Billing
REQ0542,"2024-03-15T10:38:00",Low,General
REQ0543,"2024-01-09T05:21:24",Low,General
REQ0544,"25/03/2024 15:31:01",Medium,Technical
REQ0545,"Mon, 29 Jan 2024 06:24:53 GMT",Medium,Billing
REQ0546,"Fri, 01 Mar 2024 06:31:40 GMT",High,General
REQ0547,"2024-01-26T06:27:55",Medium,General
REQ0548,"Fri, 05 Jan 2024 09:48:19 GMT",Low,Technical
REQ0549,"20 Feb 2024, 14:36",High,Technical
REQ0550,"Tue, 27 Feb 2024 06:22:00 GMT",Low,Billing
REQ0551,"9 Jan 2024, 05:51",High,General
REQ0552,"15 Mar 2024, 18:57",Medium,Billing
REQ0553,"26/03/2024 17:08:56",Low,Technical
REQ0554,"2024-03-17T11:01:28",Low,Billing
REQ0555,"5 Feb 2024, 15:06",Low,Billing
REQ0556,"2024-01-04T21:57:54",High,General
REQ0557,"Mon, 22 Jan 2024 05:18:51 GMT",Medium,General
REQ0558,"2024-03-07T03:57:48",Low,General
REQ0559,"15/02/2024 16:23:15",High,General
REQ0560,"2024-03-22T03:50:41",Medium,Billing
REQ0561,"Wed, 06 Mar 2024 09:39:24 GMT",Low,Billing
REQ0562,"13/03/2024 02:52:40",High,Billing
REQ0563,"13 Feb 2024, 15:52",Low,Billing
REQ0564,"2024-01-11T08:36:24",High,Technical
REQ0565,"2024-03-29T06:19:15",High,General
REQ0566,"2024-01-30T09:00:56",High,Billing
REQ0567,"2024-02-08T11:03:55",Low,Billing
REQ0568,"26/01/2024 14:56:50",High,Technical
REQ0569,"2024-03-22T04:20:42",Medium,Billing
REQ0570,"27 Mar 2024, 09:22",Medium,General
REQ0571,"2024-02-06T11:23:45",High,General
REQ0572,"04/03/2024 04:13:55",High,Technical
REQ0573,"15/03/2024 10:34:59",Medium,Technical
REQ0574,"2024-03-21T22:59:01",High,Billing
REQ0575,"Mon, 15 Jan 2024 04:14:47 GMT",Low,General
REQ0576,"2024-02-17T21:24:33",Medium,Technical
REQ0577,"19 Feb 2024, 16:19",Low,General
REQ0578,"Wed, 31 Jan 2024 08:43:40 GMT",Medium,Billing
REQ0579,"2024-01-31T12:47:42",High,Billing
REQ0580,"2024-03-21T05:43:16",High,General
REQ0581,"2024-01-09T08:53:44",High,Billing
REQ0582,"01/02/2024 05:18:34",Low,General
REQ0583,"02/01/2024 16:36:45",Low,Technical
REQ0584,"24/01/2024 00:06:55",Medium,General
REQ0585,"2024-01-16T11:09:39",Low,Billing
REQ0586,"13/02/2024 10:28:09",High,General
REQ0587,"10 Jan 2024, 14:11",Low,Technical
REQ0588,"12/02/2024 20:39:04",Medium,General
REQ0589,"2024-01-08T09:45:21",Low,General
REQ0590,"2024-02-12T00:22:22",High,General
REQ0591,"16/02/2024 17:06:57",High,General
REQ0592,"11/01/2024 09:35:45",Low,Technical
REQ0593,"2024-03-27T04:36:55",High,General
REQ0594,"Thu, 15 Feb 2024 06:06:49 GMT",Low,General
REQ0595,"29/03/2024 10:19:41",High,Technical
REQ0596,"Tue, 27 Feb 2024 21:41:07 GMT",Low,Billing
REQ0597,"2024-02-05T09:07:36",High,Billing
REQ0598,"2024-01-18T00:04:30",Medium,Billing
REQ0599,"Tue, 12 Mar 2024 02:10:13 GMT",High,Technical
REQ0600,"13/02/2024 15:05:25",Medium,Billing
REQ0601,"2024-02-26T10:33:21",Low,General
REQ0602,"Mon, 01 Jan 2024 04:47:14 GMT",High,Billing
REQ0603,"Wed, 24 Jan 2024 10:49:38 GMT",Medium,Billing
REQ0604,"Tue, 30 Jan 2024 01:47:09 GMT",High,Technical
REQ0605,"2024-02-05T05:05:48",Low,General
REQ0606,"23/01/2024 04:51:26",Medium,General
REQ0607,"6 Feb 2024, 01:31",Low,Technical
REQ0608,"2024-02-29T18:17:36",Medium,Billing
REQ0609,"23/02/2024 11:02:00",High,Billing
REQ0610,"2024-03-02T03:27:30",Medium,General
REQ0611,"5 Jan 2024, 11:09",Medium,Billing
REQ0612,"10/01/2024 19:39:36",Low,General
REQ0613,"2024-02-13T05:48:38",Medium,Billing
REQ0614,"2024-02-28T08:49:53",Medium,Billing
REQ0615,"08/02/2024 15:27:52",High,Billing
REQ0616,"Tue, 09 Jan 2024 08:43:13 GMT",High,General
REQ0617,"2024-01-19T14:01:25",High,General
REQ0618,"Thu, 11 Jan 2024 14:23:08 GMT",High,Technical
REQ0619,"2024-03-14T04:46:45",Medium,General
REQ0620,"2024-03-24T09:31:29",Low,Billing
REQ0621,"09/02/2024 16:28:51",Low,Billing
REQ0622,"7 Feb 2024, 08:36",Low,Billing
REQ0623,"Wed, 27 Mar 2024 14:55:41 GMT",Medium,Billing
REQ0624,"01/02/2024 19:12:51",Medium,General
REQ0625,"Mon, 15 Jan 2024 12:25:56 GMT",Low,Billing
REQ0626,"5 Mar 2024, 15:48",Low,General
REQ0627,"2024-02-09T09:09:14",Low,Technical
REQ0628,"Tue, 09 Jan 2024 02:22:40 GMT",Low,General
REQ0629,"2024-02-28T14:18:46",Low,General
REQ0630,"Sat, 13 Jan 2024 11:50:34 GMT",Medium,General
REQ0631,"Fri, 19 Jan 2024 02:42:51 GMT",Low,Billing
REQ0632,"Thu, 15 Feb 2024 09:49:26 GMT",Medium,Technical
REQ0633,"Sun, 03 Mar 2024 15:55:11 GMT",High,Billing
REQ0634,"11/01/2024 09:08:54",Low,Technical
REQ0635,"2024-01-31T23:51:38",Low,General
REQ0636,"Fri, 29 Mar 2024 05:46:39 GMT",Medium,Billing
REQ0637,"Fri, 26 Jan 2024 11:15:26 GMT",High,Technical
REQ0638,"2024-01-24T10:12:20",High,Technical
REQ0639,"18 Mar 2024, 16:53",Medium,Billing
REQ0640,"14/02/2024 13:54:08",Medium,General
REQ0641,"2024-03-21T09:22:50",High,Billing
REQ0642,"12/01/2024 10:14:25",Low,General
REQ0643,"2024-03-18T09:42:19",Medium,Technical
REQ0644,"03/01/2024 10:06:54",Low,Technical
REQ0645,"2024-03-09T17:19:33",Low,Technical
REQ0646,"2024-02-08T17:57:11",Medium,Technical
REQ0647,"04/01/2024 11:39:47",Low,Technical
REQ0648,"Mon, 08 Jan 2024 05:55:07 GMT",Medium,Billing
REQ0649,"2024-03-01T14:29:28",Low,Technical
REQ0650,"26 Mar 2024, 03:13",Low,General
REQ0651,"08/02/2024 10:23:01",Medium,Technical
REQ0652,"2024-03-05T20:35:13",Low,Technical
REQ0653,"Tue, 13 Feb 2024 02:29:12 GMT",High,General
REQ0654,"Tue, 16 Jan 2024 10:42:16 GMT",Medium,Technical
REQ0655,"2024-01-31T00:41:06",Medium,Billing
REQ0656,"Wed, 27 Mar 2024 04:18:48 GMT",Low,General
REQ0657,"23/01/2024 17:03:15",Medium,Billing
REQ0658,"26 Feb 2024, 11:50",High,General
REQ0659,"11 Mar 2024, 11:51",Low,Technical
REQ0660,"9 Jan 2024, 05:29",High,General
REQ0661,"16/02/2024 13:26:40",High,Technical
REQ0662,"Mon, 15 Jan 2024 05:28:54 GMT",Medium,General
REQ0663,"Wed, 27 Mar 2024 14:16:50 GMT",Low,Technical
REQ0664,"2024-03-27T23:12:57",High,Technical
REQ0665,"Wed, 03 Jan 2024 15:28:46 GMT",Medium,General
REQ0666,"24 Feb 2024, 10:33",Low,Technical
REQ0667,"Fri, 23 Feb 2024 09:57:25 GMT",Medium,General
REQ0668,"Tue, 30 Jan 2024 09:40:53 GMT",Low,General
REQ0669,"2024-03-15T06:28:53",Low,General
REQ0670,"Sun, 10 Mar 2024 04:11:05 GMT",High,General
REQ0671,"2024-03-17T06:14:04",High,Technical
REQ0672,"Mon, 15 Jan 2024 16:50:52 GMT",Low,General
REQ0673,"2024-01-15T09:40:16",Medium,General
REQ0674,"Tue, 20 Feb 2024 04:01:10 GMT",Medium,Technical
REQ0675,"23 Jan 2024, 10:41",High,Technical
REQ0676,"22/01/2024 16:53:58",High,General
REQ0677,"21/02/2024 16:39:12",Low,Billing
REQ0678,"2024-01-04T11:05:33",High,General
REQ0679,"Tue, 23 Jan 2024 02:48:39 GMT",High,Billing
REQ0680,"Thu, 21 Mar 2024 04:31:00 GMT",High,Billing
REQ0681,"Thu, 22 Feb 2024 05:05:26 GMT",High,General
REQ0682,"20/02/2024 09:26:23",Low,General
REQ0683,"Sun, 17 Mar 2024 11:13:02 GMT",High,Technical
REQ0684,"Sun, 24 Mar 2024 08:42:54 GMT",Medium,Technical
REQ0685,"2024-02-02T05:45:56",Medium,Technical
REQ0686,"21 Mar 2024, 10:02",Low,General
REQ0687,"2024-02-29T04:55:17",Medium,Technical
REQ0688,"Fri, 23 Feb 2024 11:17:59 GMT",High,Billing
REQ0689,"26 Feb 2024, 09:01",Medium,Technical
REQ0690,"2024-03-08T10:57:14",Low,Billing
REQ0691,"12/02/2024 14:25:58",Medium,General
REQ0692,"15 Mar 2024, 14:58",High,Billing
REQ0693,"23/01/2024 14:55:58",Low,Technical
REQ0694,"11/01/2024 21:31:08",Low,Technical
REQ0695,"19/01/2024 10:14:23",Medium,Billing
REQ0696,"Thu, 15 Feb 2024 06:28:16 GMT",High,General
REQ0697,"28/02/2024 12:01:01",Medium,Technical
REQ0698,"Tue, 20 Feb 2024 05:06:34 GMT",High,Billing
REQ0699,"2024-03-07T03:40:03",Medium,Technical
REQ0700,"2024-02-12T15:11:42",High,Billing
REQ0701,"Tue, 23 Jan 2024 12:49:42 GMT",Medium,Technical
REQ0702,"20/02/2024 15:56:03",Medium,Billing
REQ0703,"Sat, 24 Feb 2024 17:15:47 GMT",Low,Technical
REQ0704,"2024-01-27T08:59:42",High,Technical
REQ0705,"28/02/2024 09:24:10",Low,Billing
REQ0706,"9 Jan 2024, 11:53",Medium,Billing
REQ0707,"7 Feb 2024, 09:25",Medium,Billing
REQ0708,"02/02/2024 15:11:22",Low,Billing
REQ0709,"2024-03-06T05:48:10",High,Billing
REQ0710,"2024-03-21T08:44:34",High,Billing
REQ0711,"2024-01-24T05:33:42",High,Technical
REQ0712,"08/03/2024 11:30:02",High,Technical
REQ0713,"Tue, 27 Feb 2024 13:25:24 GMT",Medium,General
REQ0714,"Tue, 05 Mar 2024 05:04:59 GMT",Medium,Technical
REQ0715,"2024-02-29T10:09:19",High,Technical
REQ0716,"30 Jan 2024, 07:38",Low,Technical
REQ0717,"Thu, 28 Mar 2024 11:11:54 GMT",Medium,Billing
REQ0718,"Sun, 21 Jan 2024 23:32:55 GMT",High,Technical
REQ0719,"19/01/2024 15:49:53",Medium,Technical
REQ0720,"15 Feb 2024, 05:09",Low,General
REQ0721,"22 Mar 2024, 16:52",High,General
REQ0722,"Mon, 11 Mar 2024 11:21:16 GMT",High,General
REQ0723,"Fri, 19 Jan 2024 08:53:15 GMT",Low,Billing
REQ0724,"2024-03-13T03:03:50",Low,Technical
REQ0725,"19/01/2024 11:46:18",Medium,Billing